"","resp1","resp2","lance1","lance2","idade","sexo","escolar","infraestrutura","temperatura","renda","objetivo"
"1",1,0,31,48,50,1,20,2,4,62000,4
"2",1,0,4,66,35,1,20,3,4,17000,4
"3",1,1,9,21,50,1,20,5,5,16000,3
"4",1,0,45,70,67,2,22,3,2,15000,3
"5",1,1,2,14,41,1,20,3,4,15000,4
"6",1,0,29,48,31,2,20,5,5,15000,4
"7",1,0,10,13,47,1,26,2,4,13500,3
"8",1,0,41,70,30,2,20,5,5,13000,3
"9",1,0,4,44,62,1,20,3,5,12000,2
"10",1,0,17,58,41,1,26,3,2,11000,4
"11",1,0,3,53,39,2,16,1,4,11000,4
"12",0,1,45,8,80,1,22,1,3,10000,3
"13",0,1,69,34,68,1,26,2,1,10000,3
"14",0,0,61,37,66,1,22,3,2,10000,3
"15",1,0,38,61,46,1,20,3,5,10000,2
"16",1,0,1,55,40,2,20,3,4,10000,4
"17",1,0,20,28,38,2,20,3,2,10000,4
"18",1,0,4,24,34,2,20,3,3,10000,4
"19",0,0,62,10,61,2,20,5,5,8000,3
"20",1,0,39,69,59,2,20,2,2,8000,3
"21",1,1,3,10,49,1,22,4,4,8000,3
"22",1,0,59,70,39,1,20,3,5,8000,2
"23",1,0,36,65,36,1,20,4,5,7500,4
"24",1,0,2,66,35,1,20,3,5,7000,3
"25",1,0,28,61,33,2,20,3,3,7000,3
"26",1,1,43,64,33,1,20,3,5,6500,3
"27",1,0,3,34,39,1,20,2,5,6000,3
"28",1,0,47,50,33,1,22,3,2,6000,3
"29",1,0,39,70,39,2,20,3,3,5000,3
"30",1,1,8,13,30,1,20,3,5,5000,3
"31",0,0,68,51,35,1,16,4,3,4500,2
"32",1,1,10,15,33,2,20,4,5,4491,2
"33",1,0,21,61,50,1,20,4,3,4000,3
"34",1,0,16,41,30,2,20,5,4,4000,3
"35",0,0,20,7,40,1,20,2,4,3992,4
"36",1,0,13,42,28,1,20,3,4,3500,3
"37",1,0,5,45,62,1,16,3,5,3000,4
"38",1,1,14,26,41,2,15,1,2,3000,3
"39",1,0,27,69,37,2,20,5,5,3000,3
"40",1,0,8,46,36,2,20,3,4,3000,4
"41",1,0,11,32,31,2,20,3,5,3000,3
"42",1,0,24,30,26,2,22,2,1,3000,3
"43",1,0,19,21,42,2,22,4,2,2800,3
"44",0,0,28,3,54,1,22,2,1,2500,3
"45",0,0,32,31,51,1,20,4,4,2500,3
"46",1,1,20,23,32,1,16,4,4,2500,3
"47",0,0,70,57,34,1,4,2,2,2300,3
"48",1,0,6,54,53,2,20,3,4,2100,3
"49",1,1,2,10,57,2,16,3,4,2000,3
"50",1,0,4,47,56,2,20,5,5,2000,2
"51",1,0,21,52,53,1,20,3,4,2000,3
"52",1,0,12,31,45,1,16,4,5,2000,4
"53",1,0,8,63,30,2,20,5,5,2000,3
"54",1,0,24,70,20,1,20,3,3,2000,3
"55",1,0,17,68,25,1,16,2,5,1800,3
"56",1,1,2,62,46,2,20,3,3,1500,3
"57",1,1,67,68,46,2,12,4,4,1500,3
"58",1,0,41,69,38,2,16,4,5,1500,7
"59",1,0,42,66,36,2,12,5,5,1500,3
"60",0,1,63,8,27,2,20,3,3,1500,3
"61",0,0,68,26,29,2,15,4,2,1400,6
"62",0,1,4,1,24,1,16,4,5,1400,2
"63",1,0,44,56,28,2,15,3,2,1300,3
"64",1,0,4,63,24,2,16,4,4,1300,3
"65",0,1,26,25,51,1,16,4,4,1200,3
"66",1,1,67,69,31,1,16,4,4,1000,3
"67",1,1,12,68,22,1,22,3,2,1000,3
"68",1,1,38,51,63,2,9,5,4,998,3
"69",0,0,46,9,49,2,15,3,3,998,3
"70",0,1,44,20,46,1,10,3,1,998,6
"71",1,1,15,18,32,1,15,3,5,998,2
"72",1,1,68,69,62,1,10,4,3,980,7
"73",0,1,31,15,22,1,7,3,2,800,3
"74",0,0,67,30,53,2,9,2,3,400,7
"75",1,0,60,69,36,2,3,3,3,300,3
"76",1,0,47,53,61,2,9,4,4,200,3
"77",0,1,63,39,25,2,21,4,4,1500,7
"78",0,0,54,37,30,2,16,3,4,1300,4
"79",0,0,9,6,71,2,16,3,5,1780,2
"80",1,0,19,52,42,1,16,4,4,1200,2
"81",0,0,70,23,27,2,13,3,4,244,4
"82",0,0,19,4,32,2,16,4,4,650,4
"83",0,0,43,25,42,2,9,4,3,300,4
"84",1,1,9,45,31,2,12,4,4,998,4
"85",0,1,65,56.9377422517015,33,2,10,3,2,1500,4
"86",0,1,23,18.2041684766873,18,2,16,2,3,600,7
"87",1,0,8,26,58,2,18.5,3,5,1200,7
"88",1,1,33,36,24,3,14,5,5,250,2
"89",0,0,61,57,67,1,15,1,3,4000,7
"90",0,0,35,2,49,1,26,1,1,25000,7
"91",0,0,46,27,70,1,16,4,4,6000,7
"92",0,0,45,34,45,1,20,2,4,2300,1
"93",0,1,39,1,44,1,20,3,4,5000,7
"94",1,0,30,59,40,1,16,3,4,5000,4
"95",1,1,55,60,43,2,10,4,4,200,4
"96",1,1,30,58,20,2,16,2,3,600,7
"97",0,1,34,26,65,1,12,4,4,998,4
"98",1,1,1,58,58,1,20,4,4,11000,3
"99",1,1,55,63,39,1,16,2,4,4000,3
"100",1,1,25,47,19,1,16,4,4,2000,3
"101",1,1,18,63,21,1,17,3,4,1500,3
"102",0,0,53,45,30,1,16,3,4,1433,3
"103",0,0,22,21,40,1,16,4,5,2500,3
"104",1,1,50,51,24,1,16,4,4,2500,3
"105",1,1,19,53,26,1,20,4,4,15000,7
"106",1,0,13,62,52,1,12,4,4,3800,3
"107",1,1,51,54,53,2,16,3,4,1000,3
"108",1,0,26,35,28,2,20,3,4,1300,2
"109",1,1,63,67,45,1,16,3,5,3500,2
"110",1,0,3,61,46,1,20,3,4,2300,6
"111",1,0,16,44,33,1,16,4,5,900,7
"112",1,1,20,43,26,2,17.5,3,4,900,7
"113",1,0,7,47,54,2,20,4,5,2000,7
"114",0,0,60,52,33,2,16,4,4,1200,4
"115",1,0,15,40,53,1,16,4,5,998,2
"116",0,0,25,6,40,2,16,3,4,1000,2
"117",0,1,57,53,28,1,11,4,4,1000,2
"118",1,0,2,25,40,2,10,4,4,1000,4
"119",1,1,26,30,28,1,11,4,3,1300,2
"120",1,0,58,68,23,2,16,5,4,1000,4
"121",1,0,64,67,38,2,16,4,4,1000,4
"122",0,0,37,29,75,1,0,5,3,1000,2
"123",1,0,19,42,50,1,16,4,4,2500,2
"124",1,0,35,58,30,1,16,3,3,2000,4
"125",1,1,38,41,29,1,20,3,4,1000,7
"126",0,0,26,26,33,1,22,2,5,5600,7
"127",1,1,48,52,33,1,20,4,4,2000,7
"128",0,0,56,13,50,2,15,1,4,998,3
"129",0,1,32,19,51,2,17,4,4,1200,3
"130",0,0,36,32,60,1,13,3,3,3000,2
"131",1,0,25,29,46,2,20,4,4,1400,3
"132",0,0,12,3,65,2,16,4,5,998,3
"133",0,0,69,39,39,1,16,3,4,1200,NA
"134",1,1,25,52,55,1,16,4,5,4200,3
"135",1,1,42,50,56,1,20,3,4,5000,3
"136",0,0,65,34,41,1,20,2,5,2000,3
"137",0,0,48,27,29,1,20,1,4,998,2
"138",0,0,48,23,33,1,16,1,4,4800,2
"139",0,0,51,26,71,1,16,4,4,1000,2
"140",0,0,4,2,45,1,13,3,3,998,6
"141",0,0,23,8,38,1,16,4,4,1000,2
"142",0,0,16,5,50,1,8,3,5,998,6
"143",0,0,28,27,27,1,15,3,5,998,3
"144",1,1,57,62,30,1,16,3,5,1500,3
"145",1,1,56,62,59,1,15,4,3,998,2
"146",1,1,51,68,40,2,8,5,4,998,4
"147",1,0,18,59,26,1,16,5,5,1080,2
"148",1,0,53,59,22,2,18.5,3,3,384,7
"149",1,0,38,51,58,3,9,3,3,170,4
"150",1,1,50,65,48,2,11,1,5,200,2
"151",1,1,48,68,34,1,16,4,4,1000,2
"152",1,1,33,34,26,1,16,4,4,15000,2
"153",1,1,48,56,55,1,10,4,5,1300,2
"154",0,0,37,19,28,1,11,4,5,400,7
"155",1,0,12,22,34,2,12,5,4,998,2
"156",0,0,44,22,41,1,12,1,4,1000,2
"157",1,0,16,60,40,1,16,5,1,91,7
"158",1,0,10,13,57,2,20,3,3,2500,2
"159",1,0,12,20,53,2,20,3,3,5000,2
"160",1,0,3,31,36,2,16,2,3,1000,5
"161",0,0,24,13,36,2,16,3,3,1500,4
"162",0,0,25,21,64,2,16,4,4,998,2
"163",0,0,63,33,28,2,11,4,5,91,2
"164",1,1,38,64,42,1,8,5,4,1100,4
"165",1,0,65,66,46,2,8,4,5,500,2
"166",0,0,47,22,38,1,12,5,4,998,2
"167",1,1,69,70,42,1,16,4,4,700,7
"168",1,1,33,48,63,1,12,4,4,600,7
"169",1,1,37,66,54,2,20,3,3,3000,2
"170",0,0,8,2,20,1,16,5,3,250,2
"171",1,0,33,35,20,1,16,3,4,1200,2
"172",1,1,21,40,33,1,16,3,3,1500,4
"173",0,1,54,26,30,2,10,4,3,253,7
"174",1,1,39,68,31,1,16,4,5,998,7
"175",1,0,22,31,31,1,20,3,3,1000,7
"176",0,0,7,4,34,1,22,3,3,3000,7
"177",1,1,20,67,65,1,20,3,4,15000,7
"178",0,0,60,49,54,2,16,3,4,998,7
"179",1,1,44,61,23,1,17,3,5,1000,3
"180",1,1,12,25,28,2,16,3,5,1300,3
"181",0,0,50,32,52,1,16,3,5,2000,2
"182",0,0,39,9,21,2,6,3,2,1500,7
"183",0,0,20,3,40,1,16,4,4,998,4
"184",0,0,51,45,28,2,16,4,4,998,4
"185",1,1,2,23,51,1,16,3,5,2300,7
"186",1,1,13,18,21,2,18,3,5,1075,2
"187",1,1,25,57,34,1,18,4,5,2000,4
"188",1,0,48,67,32,2,14,3,5,370,2
"189",0,0,21,13,71,1,12,3,4,2000,2
"190",1,0,23,44,28,2,16,4,4,1225,2
"191",1,0,44,64,45,1,20,2,4,2000,6
"192",0,0,51,9,40,1,9,4,4,1800,2
"193",0,0,16,11,19,2,21,3,3,700,7
"194",1,1,20,61,25,1,10,3,5,1000,4
"195",0,0,25,1,42,1,20,1,4,2000,7
"196",1,1,15,48,47,1,20,2,4,2000,7
"197",1,1,20,28,56,1,16,3,3,1500,7
"198",1,1,10,63,38,1,20,3,4,1700,0
"199",1,1,64,68,34,1,17,1,2,1200,7
"200",0,0,50,34,25,1,19,3,4,700,2
"201",0,1,28,25,32,2,16,1,1,1300,2
"202",0,0,68,31,31,1,16,4,4,998,2
"203",1,0,3,56,46,2,13,3,4,2500,7
"204",1,1,25,66,50,1,10,3,4,2500,7
"205",0,0,40,10,32,1,16,4,4,1400,2
"206",1,1,64,67,31,1,16,3,5,998,2
"207",1,1,30,70,34,2,16,3,5,900,2
"208",0,0,55,29,60,1,16,3,4,998,2
"209",1,0,13,69,27,1,16,4,4,2000,2
"210",1,1,65,66,35,2,16,5,5,350,7
"211",1,1,45,47,35,1,16,3,3,998,4
"212",1,0,12,68,56,2,11,3,5,1200,2
"213",0,0,36,6,52,1,12,3,5,2700,2
"214",1,1,17,22,45,1,10,5,5,1000,2
"215",1,0,26,64,34,2,16,4,5,1800,4
"216",1,0,15,57,30,2,20,4,3,2500,3
"217",1,1,10,47,33,2,16,3,3,600,4
"218",1,0,9,63,42,2,20,5,4,5000,4
"219",1,0,31,67,48,2,16,4,4,5000,4
"220",1,0,33,63,24,1,16,5,4,2900,3
"221",1,1,11,19,41,1,20,4,4,10000,4
"222",0,0,53,24,73,1,16,5,4,1800,4
"223",1,0,37,62,28,1,16,5,5,6000,1
"224",1,1,27,44,34,2,20,4,4,8000,4
"225",1,1,11,56,20,1,16,5,4,500,3
"226",1,1,7,58,34,2,15,4,4,1000,4
"227",1,1,15,56,35,1,22,4,4,7000,4
"228",1,1,9,19,65,1,20,4,4,12000,3
"229",0,1,26,10,50,1,20,4,3,5000,4
"230",1,1,43,64,51,2,22,5,5,7000,7
"231",1,1,44,54,30,2,20,4,4,2000,2
"232",0,1,46,27,28,2,16,3,2,1200,4
"233",0,1,22,1,28,1,16,3,5,150,3
"234",0,0,27,23,46,2,16,3,4,2000,4
"235",1,1,16,37,25,2,22,5,4,3600,1
"236",0,0,46,16,41,2,19,5,4,6000,3
"237",0,1,30,3,36,1,16,4,4,4000,2
"238",1,1,48,68,33,2,7,4,4,1000,4
"239",1,1,41,66,46,2,16,5,4,800,3
"240",1,0,10,59,53,3,20,5,3,2500,3
"241",1,1,6,18,27,2,22,4,4,2500,7
"242",1,0,53,54,49,1,20,3,3,2000,2
"243",0,1,57,5,63,2,16,5,4,6000,4
"244",1,1,23,38,33,2,22,4,4,3000,7
"245",1,0,16,44,54,1,10,3,4,900,3
"246",1,0,13,51,27,1,12,5,5,4000,4
"247",1,1,21,23,43,1,22,3,3,2000,4
"248",1,0,31,55,32,2,22,4,4,1800,4
"249",1,1,46,58,47,1,22,4,4,8000,4
"250",0,0,65,13,45,2,22,4,3,1500,2
"251",0,0,61,56,49,3,22,4,4,2000,2
"252",1,0,2,4,63,1,22,1,3,6000,3
"253",1,0,35,62,19,1,16,5,3,980,6
"254",1,0,45,49,20,2,16,5,4,1150,7
"255",1,1,34,36,19,1,16,5,4,1300,7
"256",0,1,41,30,77,2,10,4,4,980,4
"257",1,1,32,34,41,1,22,3,3,7000,3
"258",1,0,10,28,40,2,20,4,4,6000,7
"259",1,1,47,62,65,2,13,5,4,2000,6
"260",1,1,58,66,36,2,16,4,5,3000,4
"261",1,1,6,23,62,1,22,3,4,30000,2
"262",0,0,33,7,51,2,18,5,4,1000,7
"263",1,1,47,50,34,1,22,4,4,20000,4
"264",0,1,24,4,41,1,22,3,3,10000,4
"265",1,0,19,28,37,2,16,5,4,1200,3
"266",1,0,9,23,59,2,16,5,4,2900,7
"267",0,0,66,31,60,2,16,3,3,2500,4
"268",1,0,2,22,34,1,20,5,5,5000,4
"269",1,1,41,53,37,1,12,4,4,2000,3
"270",1,0,34,66,39,1,16,4,4,2900,2
"271",1,0,35,60,53,2,14,5,4,1800,3
"272",1,0,41,48,38,2,20,4,3,600,3
"273",1,1,57,62,18,1,14,5,3,468,1
"274",1,0,29,36,31,1,20,4,5,14000,4
"275",1,1,65,68,23,1,16,4,5,2200,3
"276",0,0,12,10,60,1,20,3,3,2000,3
"277",1,0,16,44,22,2,20,4,4,1500,2
"278",1,0,67,70,67,1,20,4,5,5000,3
"279",1,1,16,37,44,1,22,4,4,8000,4
"280",0,1,62,13,43,2,22,4,3,4500,4
"281",0,0,68,33,52,2,14,3,3,5000,4
"282",0,0,47,26,36,2,20,4,5,6000,3
"283",1,1,28,45,19,1,16,4,3,1000,7
"284",1,1,14,31,40,1,22,3,3,6000,2
"285",1,1,67,68,23,2,18,4,3,800,7
"286",1,1,19,67,53,1,22,4,4,10000,4
"287",0,0,22,18,33,1,22,4,3,8000,2
"288",1,1,7,25,51,1,20,4,4,6000,3
"289",1,1,28,67,32,1,20,5,5,7000,2
"290",1,1,20,66,50,2,20,5,3,3000,3
"291",1,1,8,56,40,1,16,3,3,2000,3
"292",1,1,16,64,49,1,20,4,4,8000,3
"293",1,1,8,68,63,2,9,3,3,1200,3
"294",1,0,25,55,51,1,20,3,5,4300,3
"295",1,1,4,58,36,2,20,3,4,3800,3
"296",1,0,14,63,48,1,13,4,5,3000,3
"297",1,1,43,47,71,1,16,4,3,3300,2
"298",1,0,35,65,33,2,16,4,3,1850,3
"299",1,1,11,49,58,1,20,5,5,2800,2
"300",1,1,38,64,36,1,16,4,4,1400,3
"301",1,1,14,44,46,2,16,4,4,1700,4
"302",1,0,26,64,34,2,16,4,5,1800,4
"303",1,0,15,57,30,2,20,4,3,2500,3
"304",1,1,10,47,33,2,16,3,3,600,4
"305",1,0,9,63,42,2,20,5,4,5000,4
"306",1,0,31,67,48,2,16,4,4,5000,4
"307",1,0,33,63,24,1,16,5,4,2900,3
"308",1,1,11,19,41,1,20,4,4,10000,4
"309",1,0,24,53,73,1,16,5,4,1800,4
"310",1,0,37,62,28,1,16,5,5,6000,1
"311",1,1,27,44,34,2,20,4,4,8000,4
"312",1,1,11,56,20,1,16,5,4,500,3
"313",1,1,7,58,34,2,15,4,4,1000,4
"314",1,1,7,25,51,1,20,4,4,6000,3
"315",1,1,28,67,32,1,20,5,5,7000,2
"316",1,1,20,66,50,2,20,5,3,3000,3
"317",1,1,8,56,40,1,16,3,3,2000,3
"318",1,1,16,64,49,1,20,4,4,8000,3
"319",1,1,8,68,63,2,9,3,3,1200,3
"320",1,0,25,55,51,1,20,3,5,4300,3
"321",1,1,4,58,36,2,20,3,4,3800,3
"322",1,0,14,63,48,1,13,4,5,3000,3
"323",1,1,43,47,71,1,16,4,3,3300,2
"324",1,0,35,65,33,2,16,4,3,1850,3
"325",1,1,11,49,58,1,20,5,5,2800,2
"326",1,1,38,64,36,1,16,4,4,1400,3
"327",1,1,14,44,46,2,16,4,4,1700,4
"328",1,0,36,62,29,2,22,4,3,5000,3
"329",1,0,31,45,35,2,20,3,2,7000,3
"330",1,0,2,62,26,2,22,4,4,4000,2
"331",1,0,35,69,40,1,20,4,3,5000,3
"332",1,1,24,66,35,1,16,4,4,7000,4
"333",1,0,10,68,65,2,16,4,4,4000,4
"334",1,1,35,57,60,1,20,4,3,8000,4
"335",1,1,39,65,39,2,16,5,4,1000,2
"336",1,0,34,70,34,2,22,2,4,10000,4
"337",1,0,38,52,45,2,22,5,4,3000,3
"338",1,1,14,39,41,2,20,3,4,5000,2
"339",1,1,6,69,30,2,20,3,4,600,3
"340",1,0,12,53,26,1,16,3,4,1000,3
"341",1,0,46,68,24,2,20,4,4,2000,2
"342",1,0,31,52,70,1,16,4,4,3500,2
"343",1,1,41,57,52,1,11,3,4,900,7
"344",0,0,28,21,32,2,20,3,4,2000,4
"345",1,1,12,50,65,1,9,3,3,1500,7
"346",0,0,45,1,27,2,13,4,4,90,4
"347",1,1,6,41,38,2,22,4,4,2100,3
"348",1,0,10,26,34,2,20,3,3,5000,4
"349",1,0,24,44,51,1,20,3,3,8000,4
"350",1,1,5,6,18,1,16,2,3,1700,2
"351",0,1,36,13,28,2,20,4,4,1000,7
"352",0,0,66,21,58,2,20,3,4,1800,7
"353",1,0,49,66,52,2,16,5,5,1500,4
"354",1,1,27,39,20,2,19,4,4,1000,4
"355",1,1,34,37,36,2,20,4,5,3000,4
"356",0,1,37,21,55,1,9,5,4,920,7
"357",0,0,46,5,46,1,16,3,3,3000,4
"358",1,0,15,62,36,2,16,4,5,500,2
"359",0,0,26,7,59,2,20,3,3,7000,2
"360",0,0,19,5,32,1,20,4,4,10000,2
"361",1,1,20,37,19,2,18,3,4,450,2
"362",1,0,19,57,27,2,16,4,3,900,4
"363",1,1,56,59,40,1,20,4,3,10000,2
"364",0,1,44,36,37,1,16,3,4,7000,4
"365",1,1,54,60,27,2,16,5,5,900,2
"366",1,0,53,70,24,1,20,4,3,1500,2
"367",1,1,4,12,48,2,20,4,5,3000,7
"368",1,0,46,59,30,2,16,4,4,2000,2
"369",1,0,6,37,33,1,20,3,4,2500,4
"370",1,1,58,70,52,1,12,5,4,3000,4
"371",0,0,68,66,42,1,16,4,3,2200,2
"372",0,0,63,10,46,1,22,3,4,10800,4
"373",0,1,67,20,19,2,17,5,2,940,3
"374",1,1,30,31,36,2,20,3,4,12000,4
"375",1,0,20,33,43,2,20,4,4,998,4
"376",1,0,3,70,57,2,20,4,3,4000,4
"377",1,1,2,4,62,2,22,4,4,5000,3
"378",1,1,36,70,38,1,16,4,5,1800,2
"379",1,0,54,65,36,2,20,5,5,2000,4
"380",1,0,37,42,78,2,20,4,4,3600,2
"381",1,1,12,18,23,2,16,3,4,1100,2
"382",1,1,7,16,42,1,20,4,4,7000,4
"383",0,0,19,18,65,2,16,3,3,998,7
"384",0,0,59,10,40,2,11,5,4,500,7
"385",0,0,68,14,38,2,20,4,4,1200,2
"386",1,0,32,68,33,2,16,4,5,998,2
"387",1,0,2,39,33,2,16,4,4,1400,2
"388",1,0,62,67,39,2,16,4,4,998,2
"389",1,1,62,67,38,1,20,4,4,4500,4
"390",1,0,30,60,38,1,16,4,4,2040,4
"391",1,1,1,28,39,2,20,4,4,5000,4
"392",0,0,63,39,50,1,16,5,3,4000,3
"393",0,1,42,5,30,1,16,4,4,1300,4
"394",1,0,37,59,41,2,20,4,2,600,4
"395",0,0,41,25,35,2,16,3,4,1000,4
"396",1,1,39,40,36,1,16,4,3,2000,4
"397",1,1,38,45,41,1,19,4,4,2000,4
"398",1,0,18,32,36,1,20,3,4,14000,4
"399",1,1,29,62,23,2,16,4,4,1800,4
"400",1,1,13,16,59,2,22,5,4,1800,4
"401",1,1,13,16,53,1,13,4,4,2000,7
"402",1,1,46,48,59,2,10,5,3,1000,4
"403",0,0,25,2,33,2,20,3,3,3000,4
"404",0,1,48,36,41,1,20,4,4,18000,4
"405",0,0,50,24,23,1,16,4,4,1000,2
"406",0,0,70,20,41,1,20,5,4,15000,2
"407",0,1,37,10,52,2,20,3,4,1000,4
"408",0,1,15,9,49,2,15,3,3,2000,4
"409",0,1,53,52,36,2,15,3,4,15000,4
"410",0,0,50,11,39,1,20,5,4,6000,4
"411",0,0,32,18,61,2,16,4,3,1800,4
"412",0,0,62,43,20,1,20,5,4,998,3
"413",1,1,44,64,58,1,16,5,5,8400,4
"414",0,0,30,14,61,1,16,3,4,8000,3
"415",0,0,70,22,35,1,16,4,4,3000,2
"416",0,0,12,8,69,1,10,4,4,2000,2
"417",1,1,10,49,38,1,16,5,5,3400,2
"418",1,1,69,70,47,1,16,5,4,2000,7
"419",1,1,69,70,25,1,16,4,4,998,2
"420",1,1,51,63,52,2,20,4,4,5800,4
"421",1,1,27,30,36,2,13,3,2,998,2
"422",1,1,70,75,34,2,2,4,4,8000,4
"423",0,0,65,38,62,2,1,4,4,7000,4
"424",0,0,55,6,54,1,20,4,4,10000,2
"425",0,0,31,17,30,2,16,4,4,998,4
"426",1,1,65,69,47,1,20,5,3,10000,7
"427",0,0,33,8,61,2,16,3,4,3000,4
"428",0,0,22,10,22,2,16,4,5,1340,2
"429",0,0,11,7,61,1,16,3,3,4000,4
"430",1,1,62,66,36,1,16,1,5,4000,4
"431",1,0,22,40,39,2,20,4,3,2200,4
"432",0,0,15,15,61,2,16,5,3,1497,7
"433",1,1,26,50,28,2,20,4,4,2000,2
"434",0,0,37,27,37,1,20,3,4,998,3
"435",1,0,28,46,37,2,20,2,3,4000,4
"436",0,1,55,17,42,2,20,4,4,6000,4
"437",1,0,44,48,75,2,20,3,5,5000,4
"438",1,1,52,54,29,2,20,4,4,1000,4
"439",1,1,40,54,27,2,16,3,3,998,7
"440",0,1,55,2,31,1,20,4,5,7000,4
"441",1,1,62,64,37,1,19,3,4,3200,4
"442",0,1,11,1,43,2,22,1,4,3000,4
"443",1,0,27,29,30,1,20,5,3,8000,2
"444",0,0,69,52,32,2,20,5,5,2000,4
"445",1,1,66,68,39,1,16,4,3,5000,4
"446",0,0,11,2,19,2,17,4,4,200,3
"447",1,1,31,56,36,1,20,4,4,15000,4
"448",1,1,49,55,41,1,22,3,2,10000,4
"449",1,0,41,46,74,2,20,4,5,3000,4
"450",0,0,16,9,19,1,2,3,3,600,2
"451",1,0,3,37,23,2,22,4,3,2100,3
"452",0,1,13,13,40,2,20,3,4,4500,2
"453",0,0,13,6,19,2,16,4,4,200,3
"454",0,0,45,34,30,1,20,4,3,3000,4
"455",0,1,25,7,27,2,22,4,4,3000,2
"456",1,1,34,61,40,1,26,4,4,7500,3
"457",0,1,54,50,25,1,20,4,4,300,2
"458",0,0,18,13,20,2,16,4,3,800,7
"459",0,0,63,60,37,1,12,4,4,1200,7
"460",1,0,3,12,22,1,16,4,4,1500,2
"461",0,1,23,10,24,1,16,4,5,1200,2
"462",0,1,48,6,60,1,2,4,4,3800,3
"463",0,0,34,33,58,1,20,4,4,3800,3
"464",0,1,61,9,34,1,20,4,3,2100,3
"465",0,0,31,28,40,2,19,3,4,2200,6
"466",0,0,58,45,70,1,1,4,5,1800,3
"467",0,1,22,10,19,2,16,4,3,200,1
"468",0,0,44,40,30,2,9,3,4,1100,7
"469",0,0,60,53,40,1,20,4,4,3000,3
"470",1,1,16,44,41,2,20,3,4,2700,4
"471",1,1,53,54,22,1,4,4,4,1000,7
"472",0,0,58,35,22,1,4,2,3,1000,7
"473",0,1,30,20,33,1,22,4,4,4900,4
"474",0,1,27,10,27,2,6,3,4,900,3
"475",0,0,51,29,39,2,20,4,4,1700,7
"476",0,1,61,10,26,1,20,3,4,3000,2
"477",0,0,28,27,27,1,20,3,4,1800,3
"478",1,1,9,13,18,1,8,3,3,600,3
"479",0,1,27,27,30,1,12,3,3,1200,2
"480",1,0,5,42,24,1,15,3,2,1100,2
"481",0,1,14,1,39,1,20,2,3,3000,4
"482",1,0,17,39,40,1,22,4,4,5000,3
"483",0,0,39,29,60,2,9,2,3,2500,4
"484",0,0,21,18,53,1,20,3,3,4000,4
"485",1,0,12,51,35,1,16,3,4,1700,4
"486",0,0,70,30,37,2,2,4,4,1700,4
"487",1,1,11,18,21,2,16,2,4,1200,7
"488",1,0,8,50,22,1,16,2,3,900,7
"489",0,0,51,36,19,1,16,2,4,100,7
"490",0,0,23,11,22,2,1,2,3,100,7
"491",0,0,39,18,60,1,11,2,4,1300,3
"492",0,1,34,2,22,2,1,3,4,300,2
"493",0,0,16,9,43,2,20,3,2,998,3
"494",0,0,45,45,19,1,16,3,4,500,3
"495",1,0,34,61,37,2,16,5,3,1200,2
"496",1,0,18,51,47,1,20,4,2,998,3
"497",0,0,63,63,38,1,20,3,1,998,3
"498",1,0,3,37,21,1,16,3,4,600,3
"499",0,1,13,2,23,1,20,3,3,750,3
"500",1,0,13,55,26,1,16,3,3,700,3
"501",1,1,48,50,45,1,15,3,1,1500,3
"502",0,0,21,16.4174243050442,40,2,13,4,2,988,2
"503",0,1,54,24,39,2,15,5,1,988,3
"504",1,1,27,45,26,1,19,4,1,3000,3
"505",1,1,56,58,24,1,17,1,1,1500,3
"506",1,1,9,16,25,2,17,4,2,2000,3
"507",0,1,53,44,33,1,19,4,1,2000,3
"508",1,1,33,38,41,2,12,4,1,1500,3
"509",1,1,23,48,22,1,17,4,1,1700,3
"510",0,0,41,34.5968757625672,24,1,15,4,1,1600,3
"511",0,0,33,27.255437353462,22,2,15,4,1,988,2
"512",1,1,13,17,25,1,15,3,1,1200,3
"513",0,0,25,20,49,2,19,3,1,1100,3
"514",0,1,20,10,27,2,15,3,2,1200,3
"515",0,1,21,20,39,2,14,5,1,400,3
"516",1,1,6,20,42,2,21,3,1,1800,2
"517",1,1,3,11,45,2,17,4,1,988,3
"518",0,0,55,47.5838015129043,25,1,17,4,1,800,3
"519",0,1,11,9,23,2,15,4,1,500,2
"520",1,1,39,57,52,1,6,4,1,800,3
"521",0,1,40,16,22,2,17,4,1,988,3
"522",0,1,28,21,36,1,13,4,1,988,3
"523",0,1,31,7,23,1,17,5,1,500,3
"524",1,1,14,55,61,1,17,3,1,5000,3
"525",0,1,18,6,53,2,15,3,2,988,3
"526",1,1,5,35,27,1,14,5,1,1600,3
"527",0,0,43,36.442561475698,30,1,13,4,1,988,3
"528",1,1,20,33,58,1,15,4,1,4500,4
"529",1,1,28,39,21,1,15,4,1,300,2
"530",1,1,2,31,42,2,15,4,2,2000,3
"531",0,1,13,8,40,1,12,5,1,1300,2
"532",0,0,33,27.255437353462,64,2,8,3,1,998,2
"533",0,0,50,42.9289321881345,68,1,5,3,1,998,4
"534",0,0,11,7.6833752096446,26,1,19,3,2,1050,2
"535",0,1,51,20,43,1,15,5,1,1500,2
"536",1,1,43,8,42,1,15,4,1,1000,4
"537",0,0,33,27.255437353462,46,2,14,3,2,600,3
"538",0,0,17,12.8768943743823,49,2,11,4,1,500,2
"539",1,1,6,10,59,1,14,4,1,2000,3
"540",1,1,27,37,27,1,15,3,1,1900,3
"541",1,1,56,23,34,1,15,3,1,1500,4
"542",0,0,42,35.5192593015921,35,2,15,3,1,998,3
"543",0,0,18,13.7573593128807,38,2,19,4,1,1200,3
"544",0,0,7,4.35424868893541,60,2,12,5,1,998,4
"545",0,0,30,24.5227744249483,71,2,9,4,1,1000,3
"546",1,1,24,27,33,1,17,4,1,3000,2
"547",0,0,36,30,35,2,15,3,1,998,3
"548",1,1,36,26,42,1,15,4,1,5988,3
"549",1,1,46,50,60,2,12,4,1,2000,3
"550",1,1,28,56,35,1,15,5,1,1100,2
"551",1,1,7,26,60,2,15,3,2,3000,3
"552",0,0,51,43.8585715714571,34,1,15,4,1,2000,2
"553",1,1,48,22,40,1,12,4,1,1000,2
"554",0,0,38,31.835585997031,36,1,15,3,2,1800,3
"555",1,1,7,16,46,1,15,5,1,1500,4
"556",1,1,55,22,28,1,19,3,2,1500,3
"557",1,1,10,28,26,1,15,2,1,1000,3
"558",1,1,43,10,56,1,15,3,1,6000,2
"559",0,0,41,34.5968757625672,22,2,17,4,1,1050,3
"560",1,1,58,9,59,1,12,4,1,3000,3
"561",0,0,26,20.9009804864072,19,2,15,5,1,1000,4
"562",0,0,50,42.9289321881345,78,1,17,2,1,3000,2
"563",0,0,56,48.5166852264521,24,1,15,4,1,1000,2
"564",0,0,31,25.43223563717,35,1,0,5,1,1500,2
"565",1,1,26,20,23,2,17,4,1,400,2
"566",1,1,41,43,24,1,15,4,1,1000,2
"567",1,1,11,37,30,1,15,5,1,1500,3
"568",1,1,12,47,40,1,0,5,1,1000,3
"569",1,1,13,20,29,2,17,5,1,2000,3
"570",0,0,17,12.8768943743823,42,1,15,5,1,2000,3
"571",0,0,57,49.4501655647292,25,1,15,5,1,1000,2
"572",0,0,38,31.835585997031,30,1,0,4,1,1000,2
"573",0,0,30,24.5227744249483,45,1,15,5,1,1500,3
"574",1,1,25,30,32,2,15,4,1,400,2
"575",1,1,51,18,26,2,17,4,1,1800,3
"576",0,0,52,44.788897449072,35,2,19,3,1,2500,3
"577",1,1,7,11,35,1,0,4,1,1000,2
"578",0,0,42,35.5192593015921,38,2,15,5,2,1500,2
"579",1,1,46,36,51,1,15,5,1,1000,3
"580",0,0,39,32.7550020016016,33,1,15,4,1,1500,2
"581",1,1,52,22,50,1,15,4,1,2000,2
"582",1,1,25,33,38,2,15,5,2,1000,3
"583",1,1,16,20,53,1,15,5,2,2000,3
"584",1,1,42,52,20,1,15,5,1,500,2
"585",0,1,28,16,24,2,17,5,2,700,3
"586",1,1,10,23,29,1,19,4,1,2500,2
"587",1,1,7,14,31,1,12,4,2,1000,3
"588",1,1,58,6,27,1,14,3,1,1800,3
"589",1,1,7,8,21,2,15,5,1,1500,2
"590",1,1,14,14,52,2,12,4,1,2300,3
"591",1,1,30,15,25,1,15,4,1,1200,3
"592",1,1,20,13,46,1,19,4,1,2500,3
"593",0,0,20,15.5278640450004,57,1,9,3,2,2500,4
"594",0,1,45,20,47,1,19,4,1,3000,4
"595",0,0,20,15.5278640450004,31,2,14,5,1,1000,3
"596",0,0,24,19.1010205144336,36,1,19,5,1,3500,4
"597",0,0,37,30.9172374697018,63,1,9,3,1,3000,4
"598",0,0,12,8.53589838486225,37,2,14,5,1,1200,3
"599",0,0,41,34.5968757625672,29,2,19,4,1,1800,4
"600",1,1,30,12,33,1,19,5,1,2500,4
"601",0,1,29,19,22,1,17,3,1,1000,3
"602",1,1,41,24,32,2,19,4,1,1500,3
"603",1,1,30,13,28,1,15,4,1,2000,3
"604",0,0,49,42,25,2,15,4,1,800,3
"605",0,0,33,27.255437353462,38,2,14,3,1,1200,3
"606",1,1,46,7,34,1,19,4,1,1700,3
"607",1,1,49,7,49,1,19,3,1,3000,3
"608",0,0,8,5.17157287525381,21,1,15,3,1,998,7
"609",1,1,33,12,37,2,9,3,1,2300,3
"610",0,1,14,7,53,2,5,5,1,998,3
"611",0,0,33,27.255437353462,32,1,19,4,2,3400,3
"612",0,0,42,36,80,2,19,3,1,998,3
"613",1,1,19,45,29,1,19,4,1,1200,3
"614",1,1,23,48,56,1,19,4,1,10000,3
"615",1,1,47,52,45,2,19,5,2,4500,4
"616",1,1,54,58,37,1,17,3,2,4000,4
"617",1,1,18,20,44,2,19,4,1,4000,4
"618",1,1,16,30,43,2,19,4,1,9000,4
"619",0,0,42,26,61,2,19,4,1,998,7
"620",0,0,51,4,66,2,19,4,1,2000,3
"621",1,1,18,45,32,1,19,5,1,5000,4
"622",0,0,28,25,32,2,19,5,1,1500,2
"623",1,1,15,46,35,1,19,4,1,2300,7
"624",1,1,54,56,40,2,19,5,1,3500,4
"625",1,1,44,46,41,1,21,4,1,3500,4
"626",0,0,14,12,37,1,19,4,1,3000,3
"627",1,1,12,44,64,2,8,5,2,998,4
"628",0,0,53,33,40,1,19,4,1,3000,3
"629",0,1,14,4,31,2,15,4,1,700,4
"630",1,1,20,21,19,2,17,5,1,1300,3
"631",1,1,14,18,74,1,5,4,1,998,2
"632",1,1,19,23,58,1,19,5,1,15000,3
"633",1,1,42,57,42,1,12,4,1,2000,6
"634",0,0,37,35,29,1,17,4,1,2000,7
"635",0,0,23,16,72,1,19,5,1,15000,3
"636",1,1,55,59,39,2,19,4,1,3000,3
"637",1,1,37,49,60,1,26,4,1,15000,3
"638",1,1,8,38,80,2,15,4,1,10000,3
"639",0,1,40,25,56,2,15,5,1,2000,4
"640",1,1,28,40,48,2,19,4,1,4000,6
"641",0,1,46,28,72,1,19,5,1,10000,2
"642",1,1,33,49,22,1,19,5,1,1800,3
"643",1,1,19,41,35,2,15,5,1,998,3
"644",1,1,18,37,52,2,15,4,1,1500,6
"645",0,1,50,47,26,1,17,3,1,600,3
"646",1,1,10,26,24,1,17,3,1,1996,3
"647",0,1,36,26,48,1,15,3,1,2000,6
"648",1,1,8,10,27,2,19,5,1,2994,6
"649",0,1,57,17,19,1,15,4,1,1996,2
"650",1,1,52,56,52,2,15,4,1,2495,3
"651",0,0,59,45,49,2,14,5,1,1100,2
"652",0,0,54,37,40,1,12,3,1,998,2
"653",1,1,34,60,44,2,8,5,1,998,2
"654",0,0,48,19,60,1,17,3,1,6000,7
"655",0,0,10,4,75,1,19,3,2,2994,2
"656",1,1,16,17,43,2,19,3,1,5000,3
"657",1,1,21,36,38,2,17,5,1,998,2
"658",1,1,11,26,28,1,17,4,1,3000,7
"659",1,1,48,51,34,2,19,3,1,7500,3
"660",1,1,34,41,62,1,9,3,1,4980,2
"661",1,1,25,46,42,1,19,5,1,3992,2
"662",0,0,55,41,67,2,19,4,1,3992,3
"663",1,1,12,13,38,2,15,4,1,1144,4
"664",0,0,49,42,19,1,17,4,1,500,6
"665",1,1,53,56,31,1,19,4,1,4000,3
"666",1,1,39,44,35,2,15,3,1,2000,4
"667",0,1,47,33,43,1,11,3,1,1000,4
"668",1,1,28,38,37,2,15,4,1,170,4
"669",1,1,47,58,24,1,15,4,1,1000,6
"670",1,1,19,20,75,2,15,4,1,6000,2
"671",1,1,52,56,66,1,19,3,1,5000,3
"672",1,1,9,21,56,2,19,4,1,6000,2
"673",0,1,41,21,86,2,19,5,1,10000,2
"674",1,1,8,60,22,1,15,5,1,1500,3
"675",0,0,55,10,51,2,19,4,1,1000,4
"676",0,1,14,5,33,1,19,4,1,1200,2
"677",1,1,58,59,20,2,15,5,1,750,2
"678",1,1,41,52,48,1,15,4,1,1100,3
"679",1,1,7,58,23,1,17,4,1,1200,3
"680",0,0,32,28,37,2,15,5,1,998,6
"681",1,1,25,32,22,1,15,4,1,1000,2
"682",0,1,39,25,37,2,15,4,1,1000,4
"683",1,1,41,47,31,2,15,5,1,998,4
"684",0,1,34,18,27,1,15,4,1,1300,3
"685",1,1,4,8,28,1,15,4,1,2200,3
"686",0,0,57,42,37,1,15,3,1,1500,6
"687",1,1,7,50,28,2,17,4,1,1000,2
"688",1,1,5,35,27,2,17,3,1,1000,6
"689",1,1,14,32,42,1,26,4,1,10000,4
"690",1,1,50,58,82,2,17,5,1,4000,3
"691",1,1,47,59,37,1,15,5,1,1200,6
"692",0,0,55,26,34,2,17,5,1,1200,2
"693",0,0,57,21,31,2,15,5,1,500,2
"694",1,1,10,12,34,2,19,4,1,1996,3
"695",1,1,25,28,25,1,17,1,1,880,7
"696",1,1,43,55,25,2,15,4,1,998,6
"697",0,0,49,32,55,2,8,4,1,41,4
"698",0,0,57,47,36,1,17,3,1,1800,6
"699",1,1,34,39,33,1,19,4,1,3200,4
"700",1,1,5,7,18,2,17,4,1,1000,2
"701",1,1,8,13,19,2,17,4,1,998,2
"702",0,0,13,12,32,1,19,4,1,6000,3
"703",1,1,36,46,38,1,15,5,1,3800,3
"704",1,1,10,14,25,2,19,4,1,1200,7
"705",1,1,6,25,19,1,17,5,1,2000,3
"706",1,1,7,17,26,1,19,4,1,2500,3
"707",1,1,43,52,41,1,19,3,1,5000,3
"708",1,1,4,11,19,1,15,4,1,800,2
"709",1,1,42,47,56,1,15,4,1,1800,3
"710",0,0,35,30,36,2,19,4,1,6200,3
"711",1,1,12,38,19,1,15,5,1,1200,3
"712",1,1,9,40,39,1,19,4,1,18000,3
"713",1,1,15,24,19,2,17,3,1,400,2
"714",1,1,10,52,25,1,17,3,1,800,2
"715",1,1,20,43,25,2,15,4,1,800,2
"716",0,0,43,15,18,1,15,4,2,850,2
"717",0,0,47,30,56,1,14,3,1,1500,4
"718",1,1,13,21,31,1,15,5,1,2500,2
"719",1,1,28,43,32,2,15,4,1,1923,4
"720",1,1,47,48,37,1,10,4,1,1300,2
"721",1,1,9,17,19,2,15,4,1,100,2
"722",1,1,7,8,18,2,14,4,1,400,2
"723",0,0,39,18,52,2,15,4,1,1100,2
"724",0,0,59,28,42,2,13,5,1,1500,3
"725",1,1,53,55,50,1,9,3,1,1500,2
"726",1,1,36,59,44,1,15,5,1,1996,3
"727",1,1,8,15,25,2,19,3,1,3500,4
"728",1,1,46,55,80,1,19,4,1,10000,3
"729",1,1,8,11,21,2,17,4,1,1300,2
"730",1,1,11,18,43,2,15,5,1,998,2
"731",1,1,41,58,20,2,15,4,1,500,2
"732",1,1,58,59,18,2,15,4,1,100,2
"733",1,1,13,29,18,1,15,4,1,400,3
"734",1,1,39,51,26,2,19,5,1,1000,2
"735",1,1,24,58,27,1,19,4,1,998,2
"736",0,0,48,10,38,2,15,4,1,998,3
"737",1,1,5,12,21,1,15,4,1,600,3
"738",1,1,40,44,36,2,26,4,2,10000,3
"739",0,0,40,37,37,2,19,4,1,2000,3
"740",1,1,37,40,34,1,19,4,2,4500,4
"741",1,1,30,32,30,2,15,4,2,5000,4
"742",1,1,18,57,50,1,15,5,1,200,2
"743",1,1,5,7,27,1,19,4,1,5000,3
"744",1,1,5,21,20,2,17,4,1,1996,2
"745",1,1,16,45,25,1,17,5,1,2000,2
"746",1,1,9,11,30,2,15,4,1,1000,2
"747",1,1,35,38,34,2,19,4,1,1900,4
"748",1,1,19,21,35,1,17,4,1,1600,4
"749",0,0,37,10,49,2,19,3,2,4000,3
"750",0,0,48,36,43,2,19,4,2,4000,3
"751",1,1,25,33,51,1,15,4,1,2000,2
"752",1,1,11,36,60,2,19,2,1,15000,4
"753",0,0,57,52,64,2,19,1,2,998,4
"754",0,0,33,27,26,2,19,5,1,2900,2
"755",0,0,21,17,39,2,19,4,1,2000,2
"756",0,0,51,42,82,2,9,5,1,1500,2
"757",1,1,18,20,48,1,19,4,1,4990,2
"758",1,1,34,57,43,2,19,3,1,14000,3
"759",1,1,47,50,44,1,19,3,1,26000,3
"760",1,1,35,59,32,1,19,4,1,12000,4
"761",1,0,28,51,55,1,19,4,1,10000,3
"762",0,0,53,50,39,2,19,5,1,3000,2
"763",0,0,36,21,29,2,19,3,1,3500,3
"764",1,1,12,38,20,2,15,4,1,500,2
"765",1,1,11,32,32,2,19,4,1,5000,2
"766",0,0,14,9,70,2,19,4,1,2000,2
"767",1,1,54,59,56,2,26,4,1,11000,3
"768",1,1,20,22,40,2,15,5,1,1200,3
"769",1,1,20,49,34,1,19,5,1,3000,3
"770",1,1,26,39,44,2,13,4,1,1200,4
"771",0,1,56,50,21,2,19,4,1,1500,7
"772",1,1,8,51,24,2,15,4,1,1300,3
"773",0,1,59,25,48,1,7,4,1,1500,3
"774",1,1,5,40,71,1,19,5,1,1996,3
"775",1,0,23,29,56,2,19,3,2,6000,3
"776",1,1,50,52,61,2,19,4,1,3000,3
"777",1,1,35,39,58,2,7,5,1,1075,3
"778",1,1,51,56,41,2,21,4,1,5000,4
"779",1,1,14,25,38,1,19,5,1,5000,4
"780",0,0,35,18,58,1,19,4,1,3000,4
"781",1,1,26,40,40,2,19,4,1,4990,4
"782",0,0,43,16,52,1,26,4,1,6986,4
"783",1,0,47,49,68,1,19,4,1,3269,3
"784",1,1,40,55,50,1,10,4,1,1500,3
"785",1,1,59,60,43,2,12,5,1,400,4
"786",1,1,30,42,40,1,21,3,1,8500,3
"787",1,1,40,46,38,2,19,4,1,7000,2
"788",0,0,51,36,60,2,19,4,1,4500,2
"789",1,1,36,51,38,1,15,4,1,3500,3
"790",1,1,11,25,30,1,15,5,1,1100,3
"791",1,1,52,58,56,1,15,5,1,5000,3
"792",1,1,18,38,69,1,15,5,1,20000,3
"793",0,0,26,17,57,2,26,4,1,10000,3
"794",0,1,56,45,31,1,19,5,1,3025,4
"795",0,1,9,4,23,2,17,5,1,800,2
"796",0,1,13,10,38,1,17,5,1,1600,3
"797",0,1,18,10,51,2,19,5,1,3500,4
"798",0,1,22,13,24,2,17,3,1,550,2
"799",1,1,57,60,55,1,19,5,1,4000,4
"800",1,1,10,12,38,1,15,5,1,1600,2
"801",0,0,33,10,46,1,17,3,1,1400,5
"802",1,1,10,12,39,2,15,5,1,1400,4
"803",0,0,60,42,36,2,15,4,1,1500,2
"804",1,0,29,44,28,2,15,5,1,1020,2
"805",1,1,18,51,27,2,14,4,1,600,5
"806",1,0,11,48,36,2,14,4,1,998,2
"807",1,0,53,60,64,1,8,4,1,1240,3
"808",1,1,26,31,33,1,17,5,1,3600,2
"809",1,1,39,40,32,2,9,4,1,120,2
"810",1,1,17,45,56,2,15,5,1,1996,2
"811",0,0,17,16,60,1,19,5,1,3000,3
"812",1,0,33,53,32,2,19,4,1,4000,2
"813",0,0,53,48,42,2,19,5,1,6000,3
"814",1,1,28,47,19,1,17,4,1,1000,3
"815",0,1,46,27,52,2,15,4,1,3000,4
"816",1,1,18,38,48,2,19,5,1,3000,4
"817",1,1,37,39,57,1,19,4,1,5000,3
"818",0,1,50,44,56,2,19,5,1,5000,3
"819",1,0,34,40,48,1,10,5,1,998,2
"820",0,0,23,13,34,2,17,3,1,2100,1
"821",1,1,33,36,64,1,17,3,1,800,4
"822",0,1,18,9,24,2,9,3,1,100,4
"823",0,1,22,13,27,1,15,3,1,2000,4
"824",1,0,7,30,43,2,19,4,1,2400,2
"825",0,1,38,32,43,2,21,3,1,2000,3
"826",0,1,40,33,32,2,15,4,1,1020,4
"827",0,1,54,42,55,2,5,3,1,200,4
"828",0,1,12,7,34,2,17,4,1,1300,4
"829",0,0,52,13,33,1,19,4,1,1650,2
"830",0,0,34,31,31,1,17,5,1,640,3
"831",1,0,50,53,51,1,26,5,1,4500,3
"832",0,1,34,31,42,2,17,5,1,2000,4
"833",1,1,45,54,61,1,19,5,1,4000,6
"834",1,1,41,50,28,2,17,5,1,1850,4
"835",1,0,27,35,25,1,15,5,1,998,2
"836",1,0,5,22,38,1,19,5,1,1600,3
"837",1,1,21,26,22,1,15,5,1,600,2
"838",0,1,38,8,25,2,17,5,1,900,3
"839",1,1,49,51,28,1,19,5,1,1900,3
"840",0,1,11,8,27,2,17,5,1,998,3
"841",0,1,12,9,35,1,15,5,1,900,3
"842",0,1,11,10,44,2,15,5,1,1450,4
"843",1,0,25,57,37,2,19,4,1,2500,4
"844",1,0,6,49,23,1,15,5,1,300,3
"845",0,1,28,10,26,1,15,5,1,998,3
"846",0,1,26,13,27,2,17,5,1,1200,2
"847",0,1,36,15,33,1,15,5,1,1450,2
"848",1,1,28,50,43,2,19,4,1,2000,4
"849",0,1,13,11,38,1,19,5,1,2400,4
"850",1,0,28,43,25,1,15,5,1,998,3
"851",1,1,28,50,40,2,21,5,1,3000,4
"852",0,1,14,12,30,1,12,5,1,500,3
"853",1,1,16,23,36,2,19,4,1,7000,3
"854",1,1,19,51,34,2,19,4,1,2000,4
"855",1,1,27,40,35,1,19,4,1,2000,3
"856",0,0,47,31,57,2,19,4,1,15000,3
"857",1,1,49,54,30,2,19,4,1,6000,3
"858",0,1,39,30,29,2,15,5,1,1700,4
"859",1,1,59,60,43,1,26,4,1,5000,4
"860",0,0,45,42,26,2,15,5,1,1000,2
"861",0,1,15,4,28,2,17,3,1,1400,6
"862",0,1,60,50,32,2,19,5,1,2000,4
"863",0,1,58,50,39,1,19,5,1,1500,4
"864",0,1,54,17,24,2,19,4,1,2500,4
"865",1,1,18,29,55,1,15,4,2,1485,1
"866",1,1,39,59,42,2,17,5,1,5000,1
"867",1,1,21,60,40,2,17,4,1,8500,1
"868",0,1,43,28,35,1,17,5,1,5000,4
"869",0,0,45,33,31,1,19,3,1,5000,4
"870",1,1,49,50,35,2,19,4,1,7000,4
"871",0,0,45,33,37,1,19,5,1,5000,4
"872",1,0,18,40,58,1,19,5,1,1200,4
"873",1,1,39,44,39,2,19,4,1,5000,4
"874",0,1,39,25,35,1,19,3,1,5000,4
"875",0,0,27,17,38,2,21,4,1,7000,4
"876",0,0,45,31,71,2,15,4,1,1000,2
"877",0,0,6,4,29,1,19,4,1,6000,3
"878",1,1,8,25,42,2,19,4,1,6000,4
"879",0,0,35,24,37,1,19,3,1,5000,4
"880",1,0,28,35,47,1,19,4,1,6000,4
"881",1,1,5,58,35,1,19,4,1,5000,4
"882",0,0,7,5,33,2,17,4,1,1500,4
"883",0,0,47,17,54,2,19,4,1,10000,4
"884",1,1,27,56,42,2,19,4,1,4000,4
"885",0,0,21,8,70,1,15,5,1,1000,2
"886",0,0,20,13,34,1,19,4,1,3800,4
"887",0,0,29,20,58,1,17,3,1,4000,4
"888",0,0,52,42,47,1,17,3,1,2000,4
"889",1,1,25,58,42,2,19,5,1,5000,2
"890",0,0,24,16,65,2,17,5,1,1000,2
"891",0,0,12,10,70,1,17,5,1,1000,2
"892",0,0,19,13,30,1,19,4,1,4000,4
"893",0,0,40,39,37,1,19,3,1,5000,3
"894",1,0,47,57,42,1,19,4,1,2000,3
"895",1,0,48,55,38,1,19,4,1,8000,3
"896",1,1,5,34,32,2,17,3,1,1600,4
"897",1,1,35,39,45,2,19,3,1,7000,4
"898",0,0,40,35,32,1,19,4,1,5000,4
"899",0,0,50,16,96,1,2,5,1,1000,2
"900",1,1,17,22,65,1,15,4,1,6000,4
"901",0,0,59,7,82,1,12,4,1,1000,2
"902",1,0,39,51,36,2,19,4,1,10000,4
"903",0,0,50,11,37,1,19,3,1,6500,4
"904",0,0,39,36,56,1,19,4,1,3500,3
"905",0,0,16,9,67,1,17,5,1,1000,4
"906",0,0,57,26,36,1,19,3,1,5000,3
"907",1,1,48,58,45,1,19,4,1,5000,2
"908",1,1,56,60,53,1,19,5,1,6000,4
"909",1,1,43,60,39,1,26,3,1,18000,3
"910",0,0,22,20,66,2,15,3,1,1000,4
"911",1,1,28,32,35,1,17,4,1,4000,4
"912",1,0,5,60,43,2,19,3,1,10000,4
"913",1,0,32,41,37,2,19,5,1,4000,4
"914",1,0,10,11,75,1,19,4,1,8000,4
"915",1,1,46,59,44,1,19,4,1,5000,3
"916",1,1,37,48,32,1,19,5,1,5000,4
"917",0,0,35,16,31,1,17,5,1,5000,4
"918",1,1,59,60,39,1,19,4,1,1000,3
"919",1,1,14,26,25,2,15,4,1,1000,3
"920",1,1,45,60,58,1,17,3,1,8000,3
"921",0,1,53,40,53,1,19,3,1,10000,2
"922",0,0,5,3,71,2,16,NA,NA,1431,2
"923",1,0,46,48,42,1,20,NA,NA,954,7
"924",1,0,37,43,26,2,16,NA,NA,477,7
"925",1,1,41,45,62,1,16,NA,NA,477,3
"926",1,0,12,15,52,1,8,NA,NA,954,7
"927",0,0,46,44,55,1,15,NA,NA,477,2
"928",0,0,11,8,46,1,18,NA,NA,4270,3
"929",0,0,16,13,32,1,20,NA,NA,477,3
"930",1,0,16,19,48,2,20,NA,NA,954,3
"931",1,1,21,25,52,1,13,NA,NA,477,7
"932",1,1,14,17,28,2,15,NA,NA,477,7
"933",0,0,40,35,60,2,15,NA,NA,477,2
"934",1,1,3,5,62,2,16,NA,NA,477,2
"935",1,1,48,50,50,1,20,NA,NA,4270,7
"936",1,0,46,48,48,2,16,NA,NA,1431,7
"937",0,0,46,44,73,2,20,NA,NA,1431,3
"938",1,0,48,50,22,1,16,NA,NA,477,2
"939",1,0,8,10,43,1,8,NA,NA,477,2
"940",0,0,43,40,37,1,16,NA,NA,1431,7
"941",0,0,20,16,73,2,20,NA,NA,2385,3
"942",0,0,27,16,50,1,20,NA,NA,2385,2
"943",1,1,17,20,24,1,20,NA,NA,954,3
"944",1,1,18,21,76,2,7,NA,NA,477,7
"945",1,0,30,40,27,2,20,NA,NA,2385,7
"946",0,0,27,16,31,1,16,NA,NA,477,3
"947",0,0,22,14,44,2,16,NA,NA,477,2
"948",1,1,22,30,41,1,16,NA,NA,954,7
"949",1,1,32,41,35,1,16,NA,NA,954,2
"950",0,0,43,40,22,2,16,NA,NA,477,2
"951",0,1,24,20,57,2,20,NA,NA,954,7
"952",0,0,32,23,39,2,16,NA,NA,954,3
"953",0,0,35,28,18,2,17,NA,NA,477,7
"954",0,1,24,20,71,1,20,NA,NA,4270,2
"955",0,0,50,44,64,1,15,NA,NA,1431,7
"956",0,0,11,8,57,1,16,NA,NA,954,7
"957",0,1,13,10,70,1,20,NA,NA,1431,7
"958",0,0,11,8,70,1,16,NA,NA,954,7
"959",0,0,17,14,54,1,15,NA,NA,954,7
"960",0,0,24,18,64,2,0,NA,NA,477,7
"961",1,1,16,19,39,2,19,NA,NA,954,7
"962",0,0,45,43,27,2,22,NA,NA,477,7
"963",0,0,46,44,42,1,20,NA,NA,954,3
"964",0,0,38,32,31,2,20,NA,NA,1431,7
"965",0,0,43,40,42,1,20,NA,NA,1431,7
"966",1,1,8,10,24,1,16,NA,NA,954,7
"967",0,0,37,31,22,2,16,NA,NA,954,7
"968",0,0,17,14,42,1,15,NA,NA,954,7
"969",0,0,23,16,72,1,16,NA,NA,2385,3
"970",0,1,22,14,64,2,6,NA,NA,954,3
"971",0,0,28,17,31,2,17,NA,NA,954,3
"972",1,0,10,12,26,2,16,NA,NA,954,3
"973",0,0,7,5,46,1,16,NA,NA,1431,3
"974",0,0,29,19,30,2,16,NA,NA,954,3
"975",0,0,46,44,22,1,17,NA,NA,477,3
"976",0,0,36,29,34,1,15,NA,NA,477,7
"977",1,1,2,3,23,1,16,NA,NA,954,7
"978",0,0,37,31,62,1,16,NA,NA,1431,7
"979",0,0,12,9,46,1,16,NA,NA,2385,3
"980",0,0,3,1,19,2,16,NA,NA,954,7
"981",0,0,32,23,28,2,18,NA,NA,477,3
"982",0,0,37,31,45,1,15,NA,NA,477,7
"983",0,0,43,40,27,1,15,NA,NA,477,7
"984",1,1,28,39,44,1,20,NA,NA,4270,3
"985",0,0,40,35,42,2,16,NA,NA,954,2
"986",1,0,33,41,40,1,20,NA,NA,2385,3
"987",1,0,10,12,59,2,16,NA,NA,2385,7
"988",0,0,25,15,54,1,18,NA,NA,1431,3
"989",0,0,47,45,22,2,15,NA,NA,2385,3
"990",0,0,35,28,48,2,22,NA,NA,2385,3
"991",0,0,31,22,48,2,13,NA,NA,954,2
"992",1,0,24,30,82,1,20,NA,NA,2385,2
"993",1,0,12,15,62,2,15,NA,NA,954,2
"994",0,0,35,28,24,2,20,NA,NA,1431,3
"995",0,0,35,28,26,1,20,NA,NA,1431,3
"996",1,0,10,12,44,1,20,NA,NA,4270,3
"997",0,0,38,32,79,1,16,NA,NA,1431,2
"998",0,0,42,38,63,1,16,NA,NA,1431,2
"999",0,0,23,16,31,1,16,NA,NA,954,3
"1000",1,0,20,24,59,1,16,NA,NA,954,2
"1001",1,0,30,40,43,2,20,NA,NA,2385,3
"1002",0,1,14,11,24,1,16,NA,NA,954,3
"1003",0,0,21,17,28,1,16,NA,NA,954,3
"1004",0,0,27,16,54,1,17,NA,NA,1431,2
"1005",1,0,26,36,70,2,0,NA,NA,477,3
"1006",0,0,46,44,50,1,13,NA,NA,477,7
"1007",1,1,5,7,48,1,16,NA,NA,1431,7
"1008",0,0,21,17,68,1,7,NA,NA,477,7
"1009",1,0,26,36,42,2,8,NA,NA,477,7
"1010",1,0,6,8,52,2,13,NA,NA,477,7
"1011",0,0,47,45,38,2,16,NA,NA,477,7
"1012",1,1,47,49,30,1,15,NA,NA,477,3
"1013",0,0,40,35,57,1,16,NA,NA,1431,3
"1014",1,1,8,10,33,2,22,NA,NA,1431,7
"1015",0,0,44,41,58,2,16,NA,NA,954,2
"1016",0,0,34,26,60,1,13,NA,NA,1431,2
"1017",1,1,17,20,60,2,5,NA,NA,477,2
"1018",0,0,3,1,47,2,16,NA,NA,477,7
"1019",0,0,42,38,67,1,16,NA,NA,477,7
"1020",0,0,7,5,34,1,16,NA,NA,1431,2
"1021",0,0,40,35,36,2,16,NA,NA,954,2
"1022",0,0,11,8,43,1,15,NA,NA,2385,2
"1023",0,0,42,38,19,1,15,NA,NA,477,2
"1024",0,0,48,46,43,1,20,NA,NA,1431,7
"1025",0,0,25,15,51,2,16,NA,NA,2385,3
"1026",0,0,43,40,49,1,20,NA,NA,954,3
"1027",0,0,13,10,44,1,11,NA,NA,477,7
"1028",1,1,11,14,69,1,17,NA,NA,1431,2
"1029",0,0,33,25,61,1,16,NA,NA,477,3
"1030",0,0,21,17,51,2,22,NA,NA,2385,3
"1031",0,0,32,23,52,1,22,NA,NA,4270,3
"1032",1,0,1,3,40,2,22,NA,NA,8500,7
"1033",0,0,7,5,39,2,15,NA,NA,2385,7
"1034",1,0,30,40,59,1,16,NA,NA,2385,7
"1035",0,0,43,40,45,1,22,NA,NA,4270,3
"1036",0,0,21,17,41,1,20,NA,NA,8500,2
"1037",0,0,6,4,70,1,20,NA,NA,2385,2
"1038",0,0,21,17,60,1,20,NA,NA,8500,7
"1039",0,0,22,14,29,1,20,NA,NA,4270,3
"1040",0,0,12,9,49,2,20,NA,NA,2385,3
"1041",0,0,21,17,39,1,22,NA,NA,8500,3
"1042",0,0,21,17,55,1,22,NA,NA,1431,7
"1043",0,0,31,22,27,2,22,NA,NA,4270,7
"1044",0,0,23,16,72,2,20,NA,NA,2385,7
"1045",0,0,2,1,37,1,17,NA,NA,1431,3
"1046",0,0,49,44,62,2,20,NA,NA,8500,2
"1047",0,0,4,3,36,1,20,NA,NA,2385,2
"1048",0,0,29,19,25,1,17,NA,NA,1431,3
"1049",0,0,13,10,28,2,16,NA,NA,954,7
"1050",0,0,17,14,33,1,20,NA,NA,1431,3
"1051",0,0,13,10,48,2,16,NA,NA,954,7
"1052",0,0,44,41,71,2,20,NA,NA,4270,2
"1053",0,0,49,44,70,1,18,NA,NA,2385,7
"1054",0,0,17,14,50,1,16,NA,NA,1431,2
"1055",0,0,18,15,35,2,22,NA,NA,8500,3
"1056",1,0,5,7,51,2,17,NA,NA,1431,7
"1057",1,1,1,3,48,2,13,NA,NA,954,7
"1058",1,0,33,41,48,1,13,NA,NA,1431,7
"1059",1,0,8,10,23,1,7,NA,NA,954,2
"1060",0,0,40,35,38,2,22,NA,NA,2385,2
"1061",1,0,18,21,59,1,17,NA,NA,2385,2
"1062",1,0,18,26,55,2,20,NA,NA,2385,2
"1063",1,1,38,44,19,1,20,NA,NA,477,2
"1064",0,0,43,40,43,1,22,NA,NA,4270,2
"1065",1,0,13,16,31,1,18,NA,NA,1431,2
"1066",1,0,25,35,35,1,16,NA,NA,954,3
"1067",1,1,37,43,52,2,19,NA,NA,954,2
"1068",1,0,38,44,55,1,15,NA,NA,1431,2
"1069",1,0,16,19,55,2,17,NA,NA,954,2
"1070",0,0,10,8,30,1,22,NA,NA,4270,7
"1071",1,1,5,7,21,1,17,NA,NA,477,3
"1072",0,0,28,17,59,1,15,NA,NA,954,7
"1073",0,0,5,3,62,1,15,NA,NA,954,7
"1074",0,0,38,32,63,1,19,NA,NA,1431,3
"1075",1,0,23,30,78,1,16,NA,NA,8500,2
"1076",1,0,12,9,24,2,19,NA,NA,954,3
"1077",1,0,4,5,49,2,19,NA,NA,477,7
"1078",1,1,42,46,19,2,13,NA,NA,477,7
"1079",1,0,12,15,26,2,13,NA,NA,477,7
"1080",0,0,30,20,64,2,20,NA,NA,1431,3
"1081",0,0,7,5,33,1,15,NA,NA,954,7
"1082",1,0,49,50,63,2,20,NA,NA,4270,3
"1083",1,1,8,10,65,1,20,NA,NA,4270,3
"1084",1,1,8,10,37,2,20,NA,NA,954,2
"1085",1,0,26,36,20,1,18,NA,NA,477,3
"1086",1,1,3,7,46,1,22,NA,NA,8500,3
"1087",1,0,23,30,37,2,16,NA,NA,477,3
"1088",0,0,37,31,73,2,16,NA,NA,477,2
"1089",0,0,16,13,61,2,20,NA,NA,954,3
"1090",1,1,33,41,78,1,20,NA,NA,1431,3
"1091",0,0,46,44,23,1,20,NA,NA,2385,3
"1092",1,0,36,43,24,1,16,NA,NA,954,3
"1093",1,1,2,5,35,1,16,NA,NA,954,3
"1094",1,1,4,7,33,1,20,NA,NA,2385,3
"1095",0,0,16,13,76,1,20,NA,NA,8500,NA
"1096",0,0,9,7,69,2,16,NA,NA,954,3
"1097",1,1,7,9,35,2,22,NA,NA,954,2
"1098",1,1,48,50,26,1,16,NA,NA,1431,3
"1099",1,1,2,3,42,2,20,NA,NA,8500,2
"1100",1,1,10,12,27,1,20,NA,NA,2385,2
"1101",0,0,20,16,48,1,20,NA,NA,954,3
"1102",0,0,28,17,43,1,20,NA,NA,954,7
"1103",1,0,44,47,85,2,16,NA,NA,477,7
"1104",1,1,3,5,62,1,16,NA,NA,4270,3
"1105",0,0,15,12,29,1,17,NA,NA,2385,3
"1106",1,1,48,50,38,1,16,NA,NA,2385,7
"1107",1,1,16,19,45,2,20,NA,NA,2385,3
"1108",0,0,29,19,76,2,16,NA,NA,477,2
"1109",0,0,34,26,53,1,22,NA,NA,8500,2
"1110",1,0,22,30,51,1,22,NA,NA,2385,5
"1111",1,0,5,7,50,2,16,NA,NA,4270,7
"1112",0,0,25,24,39,1,6,3,3,5500,7
"1113",1,1,13,15,24,1,6,3,1,2000,2
"1114",1,1,20,22,52,2,4,2,3,3000,2
"1115",0,0,15,14,17,2,4,2,1,10000,2
"1116",1,1,25,27,48,2,6,3,4,4000,1
"1117",0,0,20,19,58,2,5,4,4,11500,1
"1118",0,0,13,12,56,2,4,4,4,9500,1
"1119",0,1,25,24,61,1,6,4,4,3000,2
"1120",1,0,10,12,27,1,6,3,3,3500,1
"1121",1,0,25,27,17,2,4,2,3,500,6
"1122",0,1,10,9,52,2,6,4,4,10000,1
"1123",0,0,20,19,45,2,6,3,3,8000,1
"1124",0,0,25,24,20,1,4,4,3,500,7
"1125",1,1,20,22,20,1,4,4,3,7000,6
"1126",1,0,10,12,57,2,6,4,4,3000,1
"1127",0,1,15,14,65,1,6,4,2,5500,1
"1128",1,0,15,17,52,2,6,4,4,2000,1
"1129",0,0,15,14,50,1,4,3,2,2500,2
"1130",0,0,13,12,55,2,4,4,3,2500,1
"1131",0,0,25,24,19,2,5,2,3,2500,1
"1132",0,0,10,9,46,1,4,3,3,1500,7
"1133",0,1,15,14,48,2,3,3,4,2500,2
"1134",1,1,15,17,80,2,6,4,3,12000,1
"1135",0,0,20,19,32,1,6,3,3,2000,7
"1136",0,0,25,24,60,1,4,3,4,3000,1
"1137",0,0,15,14,66,1,7,3,1,4000,2
"1138",0,1,13,12,32,1,6,3,3,4000,1
"1139",1,1,15,17,44,1,5,4,4,3500,2
"1140",1,0,13,15,34,1,6,3,4,2500,1
"1141",1,1,15,17,57,2,5,4,5,9500,2
"1142",0,0,10,9,21,2,4,3,4,3500,1
"1143",1,1,25,27,23,1,5,4,3,10000,2
"1144",1,0,20,22,50,1,4,4,4,11000,2
